ID,Diet,CallDay,CallEffort
57,24,2,0
57,24,3,18
57,24,4,0
57,24,5,0
57,24,6,0
57,24,7,0
63,48,2,161
63,48,3,306
63,48,4,299
63,48,5,197
63,48,6,190
63,48,7,295
79,12,2,0
79,12,3,0
79,12,4,0
79,12,5,0
79,12,6,0
79,12,7,0
80,12,2,0
80,12,3,0
80,12,4,0
80,12,5,0
80,12,6,0
80,12,7,0
81,12,2,0
81,12,3,0
81,12,4,0
81,12,5,0
81,12,6,0
81,12,7,0
82,12,2,0
82,12,3,0
82,12,4,0
82,12,5,0
82,12,6,0
82,12,7,0
83,12,2,0
83,12,3,0
83,12,4,0
83,12,5,0
83,12,6,0
83,12,7,0
84,12,2,0
84,12,3,0
84,12,4,0
84,12,5,0
84,12,6,0
84,12,7,0
85,12,2,5
85,12,3,0
85,12,4,0
85,12,5,0
85,12,6,0
85,12,7,0
86,12,2,0
86,12,3,0
86,12,4,10
86,12,5,0
86,12,6,0
86,12,7,0
87,12,2,0
87,12,3,0
87,12,4,0
87,12,5,0
87,12,6,0
87,12,7,0
88,12,2,0
88,12,3,0
88,12,4,0
88,12,5,0
88,12,6,0
88,12,7,0
89,12,2,0
89,12,3,0
89,12,4,0
89,12,5,0
89,12,6,0
89,12,7,0
90,12,2,0
90,12,3,0
90,12,4,0
90,12,5,0
90,12,6,0
90,12,7,0
91,12,2,0
91,12,3,0
91,12,4,0
91,12,5,0
91,12,6,0
91,12,7,0
92,12,2,0
92,12,3,0
92,12,4,0
92,12,5,0
92,12,6,0
92,12,7,0
93,12,2,0
93,12,3,0
93,12,4,0
93,12,5,0
93,12,6,0
93,12,7,0
94,12,2,0
94,12,3,0
94,12,4,0
94,12,5,11
94,12,6,0
94,12,7,12
96,24,2,0
96,24,3,0
96,24,4,0
96,24,5,0
96,24,6,0
96,24,7,0
97,24,2,0
97,24,3,0
97,24,4,24
97,24,5,72
97,24,6,82
97,24,7,35
98,24,2,0
98,24,3,0
98,24,4,87
98,24,5,0
98,24,6,0
98,24,7,0
99,24,2,0
99,24,3,0
99,24,4,0
99,24,5,0
99,24,6,0
99,24,7,0
100,24,2,0
100,24,3,0
100,24,4,0
100,24,5,0
100,24,6,0
101,24,2,0
101,24,3,0
101,24,4,0
101,24,5,0
101,24,6,0
101,24,7,0
102,24,2,0
102,24,3,0
102,24,4,0
102,24,5,11
102,24,6,0
102,24,7,0
103,24,2,0
103,24,3,0
103,24,4,16
103,24,5,0
103,24,6,0
103,24,7,0
104,24,2,0
104,24,3,0
104,24,4,0
104,24,5,0
104,24,6,0
104,24,7,0
105,24,2,0
105,24,3,0
105,24,4,0
105,24,5,0
105,24,6,0
105,24,7,0
106,24,2,0
106,24,3,0
106,24,4,0
106,24,5,0
106,24,6,0
106,24,7,0
107,24,2,0
107,24,3,0
107,24,4,0
107,24,5,0
107,24,6,0
107,24,7,0
108,24,2,0
108,24,3,0
108,24,4,0
108,24,5,0
108,24,6,0
108,24,7,0
109,24,2,0
109,24,3,0
109,24,4,0
109,24,5,0
109,24,6,0
109,24,7,0
110,24,2,0
110,24,3,0
110,24,4,0
110,24,5,0
110,24,6,0
111,36,2,0
111,36,3,0
111,36,4,0
111,36,5,0
111,36,6,0
111,36,7,0
112,36,2,0
112,36,3,0
112,36,4,0
112,36,5,0
112,36,6,0
112,36,7,0
113,36,2,0
113,36,3,0
113,36,4,0
113,36,5,0
113,36,6,0
113,36,7,0
114,36,2,0
114,36,3,0
114,36,4,0
114,36,5,0
114,36,6,0
114,36,7,0
115,36,2,0
115,36,3,0
115,36,4,21
115,36,5,16
115,36,6,0
115,36,7,34
116,36,2,0
116,36,4,0
116,36,5,0
116,36,6,0
116,36,7,0
117,36,2,0
117,36,3,0
117,36,4,0
117,36,5,0
117,36,6,5
117,36,7,19
118,36,2,16
118,36,4,292
118,36,5,388
118,36,7,926
119,36,2,9
119,36,3,97
119,36,4,0
119,36,5,0
119,36,6,0
119,36,7,0
120,36,2,0
120,36,3,51
120,36,4,0
120,36,5,0
120,36,6,0
120,36,7,0
121,36,2,0
121,36,3,0
121,36,4,0
121,36,5,0
121,36,6,0
121,36,7,0
122,36,2,76
122,36,3,223
122,36,4,158
122,36,5,0
122,36,6,0
122,36,7,0
123,36,2,0
123,36,3,0
123,36,4,0
123,36,5,0
123,36,6,0
123,36,7,0
124,36,2,0
124,36,3,31
124,36,4,45
124,36,5,23
124,36,6,215
124,36,7,397
125,36,2,0
125,36,3,0
125,36,4,0
125,36,5,0
125,36,6,0
125,36,7,0
126,36,2,45
126,36,3,56
126,36,4,305
126,36,5,91
126,36,6,154
126,36,7,152
127,48,2,0
127,48,3,0
127,48,4,77
127,48,5,0
127,48,6,0
127,48,7,0
128,48,2,0
128,48,3,0
128,48,4,5
128,48,5,0
128,48,6,0
128,48,7,0
129,48,2,0
129,48,3,10
129,48,4,501
129,48,5,18
129,48,6,13
129,48,7,114
130,48,2,331
130,48,3,1976
130,48,4,2572
130,48,5,1748
130,48,6,2086
130,48,7,992
131,48,2,0
131,48,3,0
131,48,4,43
131,48,5,30
131,48,6,0
131,48,7,0
132,48,2,0
132,48,3,0
132,48,4,0
132,48,5,0
132,48,6,0
132,48,7,69
133,48,2,0
133,48,3,0
133,48,4,0
133,48,5,0
133,48,6,0
133,48,7,0
134,48,2,0
134,48,3,0
134,48,4,0
134,48,5,0
134,48,6,0
134,48,7,0
135,48,2,0
135,48,3,85
135,48,4,107
135,48,5,74
135,48,6,261
135,48,7,18
136,48,2,116
136,48,3,51
136,48,4,92
136,48,5,16
136,48,6,58
136,48,7,9
137,48,2,0
137,48,3,0
137,48,4,0
137,48,5,0
137,48,6,0
137,48,7,0
138,48,2,0
138,48,3,16
138,48,4,77
138,48,5,84
138,48,6,26
138,48,7,5
139,48,2,0
139,48,3,0
139,48,4,0
139,48,5,0
139,48,6,0
139,48,7,0
140,48,2,0
140,48,3,0
140,48,4,0
140,48,5,0
140,48,6,0
140,48,7,0
143,60,2,89
143,60,3,51
143,60,4,0
143,60,6,25
143,60,7,23
144,60,2,0
144,60,3,38
144,60,4,22
144,60,5,0
144,60,6,128
144,60,7,27
145,60,2,0
145,60,3,0
145,60,4,0
145,60,5,0
145,60,6,0
145,60,7,0
146,60,2,0
146,60,3,0
146,60,4,0
146,60,5,0
146,60,6,0
146,60,7,0
147,60,2,0
147,60,3,0
147,60,4,0
147,60,5,0
147,60,6,6
147,60,7,0
148,60,2,0
148,60,3,0
148,60,4,0
148,60,5,0
148,60,6,58
148,60,7,13
149,60,2,0
149,60,3,186
149,60,4,207
149,60,5,407
149,60,6,406
149,60,7,299
150,60,2,0
150,60,3,0
150,60,4,0
150,60,5,290
150,60,6,19
150,60,7,236
151,60,2,0
151,60,3,0
151,60,4,8
151,60,5,60
151,60,6,45
151,60,7,0
152,60,2,0
152,60,3,638
152,60,4,0
152,60,5,536
152,60,6,0
152,60,7,132
153,60,2,7
153,60,3,69
153,60,4,484
153,60,5,144
153,60,6,269
153,60,7,0
154,60,2,0
154,60,3,0
154,60,4,0
154,60,5,0
154,60,6,0
154,60,7,0
155,60,2,0
155,60,3,0
155,60,4,0
155,60,5,7
155,60,6,0
155,60,7,6
156,60,2,0
156,60,3,7
156,60,4,10
156,60,5,9
156,60,6,5
156,60,7,0
157,60,2,0
157,60,3,0
157,60,4,0
157,60,5,0
157,60,6,0
157,60,7,0
158,60,2,0
158,60,3,0
158,60,4,0
158,60,5,0
158,60,6,0
158,60,7,0
159,72,2,122
159,72,3,5
159,72,4,31
159,72,5,83
159,72,6,227
159,72,7,0
160,72,2,0
160,72,3,0
160,72,4,0
160,72,5,0
160,72,6,181
160,72,7,0
161,72,2,0
161,72,3,0
161,72,4,0
161,72,5,9
161,72,6,276
161,72,7,111
162,72,2,107
162,72,3,498
162,72,4,300
162,72,5,120
162,72,6,133
162,72,7,223
163,72,2,0
163,72,3,3488
163,72,4,581
163,72,5,831
163,72,6,62
163,72,7,25
164,72,2,567
164,72,3,639
164,72,4,1398
164,72,5,1011
164,72,6,559
164,72,7,24
165,72,2,0
165,72,3,0
165,72,4,0
165,72,5,0
165,72,6,41
165,72,7,26
166,72,2,0
166,72,3,44
166,72,4,0
166,72,5,163
166,72,6,5
166,72,7,92
167,72,2,0
167,72,3,33
167,72,4,69
167,72,5,96
167,72,6,0
167,72,7,0
168,72,2,0
168,72,3,0
168,72,4,0
168,72,5,5
168,72,6,0
168,72,7,0
169,72,2,0
169,72,3,0
169,72,4,19
169,72,5,3018
169,72,6,2778
169,72,7,1404
170,72,2,0
170,72,3,34
170,72,4,160
170,72,5,124
170,72,6,5
170,72,7,46
171,72,2,0
171,72,3,0
171,72,4,0
171,72,5,0
171,72,6,0
171,72,7,0
172,72,2,0
172,72,3,436
172,72,4,265
172,72,5,737
172,72,6,527
172,72,7,394
173,72,2,0
173,72,3,0
173,72,4,0
173,72,5,0
173,72,6,0
173,72,7,0
174,72,2,0
174,72,3,142
174,72,4,181
174,72,5,98
174,72,6,234
174,72,7,0
175,84,2,0
175,84,3,0
175,84,4,0
175,84,5,0
175,84,6,0
175,84,7,0
176,84,2,0
176,84,3,72
176,84,4,59
176,84,5,180
176,84,6,281
176,84,7,190
177,84,2,0
177,84,3,0
177,84,4,0
177,84,5,0
177,84,6,10
177,84,7,0
178,84,2,0
178,84,3,0
178,84,4,0
178,84,5,0
178,84,6,0
178,84,7,0
179,84,2,0
179,84,3,0
179,84,4,0
179,84,5,0
179,84,6,0
179,84,7,0
180,84,2,0
180,84,3,0
180,84,4,0
180,84,5,0
180,84,6,0
180,84,7,0
181,84,2,0
181,84,3,0
181,84,4,0
181,84,5,5
181,84,6,0
181,84,7,0
182,84,2,0
182,84,3,45
182,84,4,0
182,84,5,0
182,84,6,17
182,84,7,15
183,84,2,0
183,84,3,119
183,84,4,351
183,84,5,352
183,84,6,626
183,84,7,673
184,84,2,0
184,84,3,0
184,84,4,0
184,84,5,0
184,84,6,0
184,84,7,0
185,84,2,6
185,84,3,122
185,84,4,136
185,84,5,738
185,84,6,121
185,84,7,281
186,84,2,0
186,84,3,0
186,84,4,0
186,84,5,0
186,84,6,0
186,84,7,0
187,84,2,0
187,84,3,0
187,84,4,0
187,84,5,0
187,84,6,0
187,84,7,0
188,84,2,0
188,84,3,379
188,84,4,169
188,84,5,132
188,84,6,145
188,84,7,26
189,84,2,0
189,84,3,0
189,84,4,27
189,84,5,42
189,84,6,14
189,84,7,0
190,84,2,0
190,84,3,75
190,84,4,65
190,84,5,392
190,84,6,0
190,84,7,31
248,48,2,0
248,48,3,0
248,48,4,0
248,48,5,0
248,48,6,0
248,48,7,0
381,12,2,0
381,12,3,0
381,12,4,0
381,12,5,0
381,12,6,0
381,12,7,0
382,12,2,0
382,12,3,0
382,12,4,0
382,12,5,0
382,12,6,0
382,12,7,0
383,12,2,0
383,12,3,1305
383,12,4,1357
383,12,5,328
383,12,6,280
383,12,7,414
384,12,2,0
384,12,3,0
384,12,4,0
384,12,5,0
384,12,6,0
384,12,7,0
385,12,2,0
385,12,3,0
385,12,4,29
385,12,5,41
385,12,6,7
385,12,7,0
386,12,2,0
386,12,3,0
386,12,4,0
386,12,5,0
386,12,6,18
386,12,7,0
387,12,2,0
387,12,3,0
387,12,4,0
387,12,5,0
387,12,6,0
387,12,7,0
388,12,2,0
388,12,3,0
388,12,4,0
388,12,5,0
388,12,6,0
388,12,7,0
389,12,2,0
389,12,3,0
389,12,4,0
389,12,5,0
389,12,6,0
389,12,7,0
390,12,2,0
390,12,3,0
390,12,4,0
390,12,5,0
390,12,6,0
390,12,7,0
391,12,2,889
391,12,3,388
391,12,4,1789
391,12,5,219
391,12,6,382
391,12,7,35
392,12,2,0
392,12,3,0
392,12,4,0
392,12,5,0
392,12,6,0
392,12,7,0
393,12,2,0
393,12,3,0
393,12,4,0
393,12,5,0
393,12,6,0
393,12,7,0
394,12,2,0
394,12,3,6
394,12,4,0
394,12,5,0
394,12,6,0
394,12,7,0
395,12,2,0
395,12,3,0
395,12,4,0
395,12,5,0
395,12,6,0
395,12,7,0
396,12,2,0
396,12,3,0
396,12,4,0
396,12,5,0
396,12,6,0
396,12,7,0
397,24,2,5
397,24,3,85
397,24,4,38
397,24,5,0
397,24,6,0
397,24,7,0
398,24,2,0
398,24,3,0
398,24,4,0
398,24,5,0
398,24,6,0
398,24,7,0
399,24,2,0
399,24,3,0
399,24,4,381
399,24,5,71
399,24,6,7
399,24,7,239
400,24,2,0
400,24,3,0
400,24,4,0
400,24,5,0
400,24,6,0
400,24,7,0
401,24,2,0
401,24,3,82
401,24,4,21
401,24,5,0
401,24,6,0
401,24,7,0
402,24,2,0
402,24,3,0
402,24,4,0
402,24,5,0
402,24,6,0
402,24,7,0
403,24,2,0
403,24,3,0
403,24,4,0
403,24,5,10
403,24,6,0
403,24,7,15
404,24,2,0
404,24,3,0
404,24,4,0
404,24,5,0
404,24,6,0
404,24,7,0
405,24,2,0
405,24,3,0
405,24,4,0
405,24,5,0
405,24,6,0
405,24,7,0
406,24,2,0
406,24,3,80
406,24,4,0
406,24,5,234
406,24,6,0
406,24,7,0
407,24,2,0
407,24,3,0
407,24,4,0
407,24,5,0
407,24,6,0
407,24,7,0
408,24,2,0
408,24,3,0
408,24,4,0
408,24,5,0
408,24,6,0
408,24,7,0
409,24,2,0
409,24,3,0
409,24,4,0
409,24,5,0
409,24,6,0
409,24,7,0
410,24,2,0
410,24,3,0
410,24,4,0
410,24,5,0
410,24,6,0
410,24,7,32
411,24,2,0
411,24,3,0
411,24,4,0
411,24,5,0
411,24,6,0
411,24,7,0
412,24,2,0
412,24,3,0
412,24,4,0
412,24,5,0
412,24,6,0
412,24,7,0
413,36,2,0
413,36,3,0
413,36,4,0
413,36,5,0
413,36,6,0
413,36,7,0
414,36,2,0
414,36,3,180
414,36,4,576
414,36,5,0
414,36,6,131
414,36,7,0
415,36,2,0
415,36,3,0
415,36,4,0
415,36,5,0
415,36,6,97
415,36,7,0
416,36,2,0
416,36,3,0
416,36,4,0
416,36,5,1348
416,36,6,876
416,36,7,0
417,36,2,0
417,36,3,0
417,36,4,6
417,36,5,547
417,36,6,82
417,36,7,0
418,36,2,0
418,36,3,0
418,36,4,110
418,36,5,462
418,36,6,147
418,36,7,0
419,36,2,0
419,36,3,0
419,36,4,0
419,36,5,0
419,36,6,31
419,36,7,0
420,36,2,0
420,36,3,165
420,36,4,65
420,36,5,138
420,36,6,50
420,36,7,114
421,36,2,0
421,36,3,0
421,36,4,0
421,36,5,0
421,36,6,8
421,36,7,0
422,36,2,0
422,36,3,0
422,36,4,50
422,36,5,0
422,36,6,24
422,36,7,0
423,36,2,0
423,36,3,35
423,36,4,23
423,36,5,0
423,36,6,0
423,36,7,0
424,36,2,0
424,36,3,0
424,36,4,44
424,36,5,33
424,36,6,0
424,36,7,0
425,36,2,0
425,36,3,0
425,36,4,0
425,36,5,0
425,36,6,0
425,36,7,0
426,36,2,0
426,36,3,0
426,36,4,0
426,36,5,0
426,36,6,0
426,36,7,0
427,36,2,0
427,36,3,0
427,36,4,0
427,36,5,0
427,36,6,0
427,36,7,0
428,36,2,0
428,36,3,0
428,36,4,0
428,36,5,0
428,36,6,30
428,36,7,0
429,48,2,0
429,48,3,44
429,48,4,565
429,48,5,0
429,48,6,0
429,48,7,30
430,48,2,0
430,48,3,772
430,48,4,0
430,48,5,867
430,48,6,199
430,48,7,132
431,48,2,17
431,48,3,122
431,48,4,131
431,48,5,79
431,48,6,81
431,48,7,71
432,48,2,0
432,48,3,0
432,48,4,0
432,48,5,0
432,48,6,0
432,48,7,0
433,48,2,0
433,48,3,0
433,48,4,0
433,48,5,5
433,48,6,22
433,48,7,0
434,48,2,0
434,48,3,119
434,48,4,0
434,48,5,0
434,48,6,0
434,48,7,0
435,48,2,0
435,48,3,204
435,48,4,590
435,48,5,0
435,48,6,139
435,48,7,0
436,48,2,0
436,48,3,23
436,48,4,129
436,48,5,0
436,48,6,0
436,48,7,0
437,48,2,0
437,48,3,0
437,48,4,0
437,48,5,0
437,48,6,0
437,48,7,0
438,48,2,0
438,48,3,6
438,48,4,0
438,48,5,0
438,48,6,0
438,48,7,0
439,48,2,0
439,48,3,0
439,48,4,0
439,48,5,0
439,48,6,0
439,48,7,0
440,48,2,0
440,48,3,0
440,48,4,0
440,48,5,0
440,48,6,0
440,48,7,0
441,48,2,0
441,48,3,364
441,48,4,283
441,48,5,257
441,48,6,0
441,48,7,232
442,48,2,0
442,48,3,0
442,48,4,83
442,48,5,1652
442,48,6,341
442,48,7,444
443,48,2,0
443,48,3,0
443,48,4,0
443,48,5,76
443,48,6,403
443,48,7,258
444,48,2,0
444,48,3,0
444,48,4,0
444,48,5,0
444,48,6,121
444,48,7,137
445,60,2,0
445,60,3,0
445,60,4,0
445,60,5,6
445,60,6,0
445,60,7,0
446,60,2,0
446,60,3,0
446,60,4,390
446,60,5,0
446,60,6,109
446,60,7,348
447,60,2,0
447,60,3,275
447,60,4,95
447,60,5,127
447,60,6,37
447,60,7,0
448,60,2,0
448,60,3,238
448,60,4,867
448,60,5,554
448,60,6,367
448,60,7,447
449,60,2,0
449,60,3,0
449,60,4,0
449,60,5,0
449,60,6,0
449,60,7,0
450,60,2,0
450,60,3,0
450,60,4,366
450,60,5,96
450,60,6,345
450,60,7,263
451,60,2,0
451,60,3,0
451,60,4,0
451,60,5,16
451,60,6,23
451,60,7,843
452,60,2,0
452,60,3,0
452,60,4,0
452,60,5,0
452,60,6,49
452,60,7,52
453,60,2,0
453,60,3,0
453,60,4,0
453,60,5,0
453,60,6,0
453,60,7,0
454,60,2,0
454,60,3,0
454,60,4,0
454,60,5,202
454,60,6,0
454,60,7,68
455,60,2,0
455,60,3,0
455,60,4,115
455,60,5,0
455,60,6,0
455,60,7,62
456,60,2,0
456,60,3,0
456,60,4,0
456,60,5,11
456,60,6,0
456,60,7,5
457,60,2,0
457,60,3,0
457,60,4,97
457,60,5,52
457,60,6,30
457,60,7,42
458,60,2,0
458,60,3,0
458,60,4,0
458,60,5,0
458,60,6,0
458,60,7,7
459,60,2,0
459,60,3,0
459,60,4,0
459,60,5,0
459,60,6,0
459,60,7,0
460,60,2,0
460,60,3,0
460,60,4,0
460,60,5,0
460,60,6,0
460,60,7,0
461,72,2,0
461,72,3,0
461,72,4,0
461,72,5,0
461,72,6,0
461,72,7,0
462,72,2,0
462,72,3,30
462,72,4,39
462,72,5,0
462,72,6,40
462,72,7,50
463,72,2,0
463,72,3,0
463,72,4,467
463,72,5,193
463,72,6,167
463,72,7,332
464,72,2,0
464,72,3,0
464,72,4,0
464,72,5,0
464,72,6,0
464,72,7,0
465,72,2,0
465,72,3,0
465,72,4,0
465,72,5,0
465,72,6,0
465,72,7,62
466,72,2,0
466,72,3,101
466,72,4,367
466,72,5,678
466,72,6,72
466,72,7,244
467,72,2,56
467,72,3,250
467,72,4,1109
467,72,5,1688
467,72,6,882
467,72,7,997
468,72,2,0
468,72,3,225
468,72,4,534
468,72,5,115
468,72,6,187
468,72,7,145
469,72,2,99
469,72,3,313
469,72,4,586
469,72,5,41
469,72,6,137
469,72,7,101
470,72,2,0
470,72,3,0
470,72,4,0
470,72,5,0
470,72,6,0
470,72,7,524
471,72,2,10
471,72,3,53
471,72,4,168
471,72,5,626
471,72,6,243
471,72,7,67
472,72,2,0
472,72,3,0
472,72,4,5
472,72,5,0
472,72,6,0
472,72,7,364
473,72,2,0
473,72,3,0
473,72,4,0
473,72,5,17
473,72,6,646
473,72,7,788
474,72,2,0
474,72,3,0
474,72,4,0
474,72,5,0
474,72,6,0
474,72,7,0
475,72,2,0
475,72,3,0
475,72,4,0
475,72,5,5
475,72,6,0
475,72,7,0
476,72,2,0
476,72,3,0
476,72,4,0
476,72,5,5
476,72,6,29
476,72,7,5
477,84,2,0
477,84,3,0
477,84,4,175
477,84,5,0
477,84,6,0
477,84,7,94
478,84,2,0
478,84,3,106
478,84,4,0
478,84,5,216
478,84,6,117
478,84,7,255
479,84,2,0
479,84,3,0
479,84,4,0
479,84,5,0
479,84,6,0
479,84,7,0
480,84,2,0
480,84,3,0
480,84,4,0
480,84,5,22
480,84,6,0
480,84,7,16
481,84,2,0
481,84,3,200
481,84,4,234
481,84,5,0
481,84,6,71
481,84,7,260
482,84,2,0
482,84,3,25
482,84,4,1328
482,84,5,1405
482,84,6,718
482,84,7,837
483,84,2,0
483,84,3,0
483,84,4,0
483,84,5,0
483,84,6,0
483,84,7,0
484,84,2,0
484,84,3,0
484,84,4,0
484,84,5,0
484,84,6,0
484,84,7,0
485,84,2,0
485,84,3,46
485,84,4,375
485,84,5,165
485,84,6,1364
485,84,7,1118
486,84,2,0
486,84,3,0
486,84,4,0
486,84,5,0
486,84,6,0
486,84,7,0
487,84,2,0
487,84,3,5905
487,84,4,7219
487,84,5,2625
487,84,6,9804
487,84,7,4975
488,84,2,0
488,84,3,0
488,84,4,0
488,84,5,0
488,84,6,0
488,84,7,0
489,84,2,0
489,84,3,0
489,84,4,0
489,84,5,13
489,84,6,0
489,84,7,0
490,84,2,0
490,84,3,0
490,84,4,33
490,84,5,547
490,84,6,0
490,84,7,592
491,84,2,94
491,84,3,40
491,84,4,0
491,84,5,138
491,84,6,105
491,84,7,112
492,84,2,0
492,84,3,98
492,84,4,113
492,84,5,16
492,84,6,28
492,84,7,0
605,36,2,0
605,36,3,75
605,36,4,66
605,36,5,301
605,36,6,0
605,36,7,99
606,48,2,0
606,48,3,0
606,48,4,0
606,48,5,13
606,48,6,0
606,48,7,0
607,72,2,0
607,72,3,163
607,72,4,68
607,72,5,77
607,72,6,12
607,72,7,0
608,84,2,0
608,84,3,10
608,84,4,26
608,84,5,18
608,84,6,49
608,84,7,17
610,72,2,57
610,72,3,11
610,72,4,123
610,72,5,964
610,72,6,117
610,72,7,2709
611,60,2,0
611,60,3,0
611,60,4,5
611,60,5,57
611,60,6,672
611,60,7,389
612,84,2,0
612,84,3,0
612,84,4,0
612,84,5,660
612,84,6,273
612,84,7,602
613,84,2,0
613,84,3,0
613,84,4,0
613,84,5,0
613,84,6,0
613,84,7,442
614,36,2,0
614,36,3,91
614,36,4,111
614,36,5,296
614,36,6,129
614,36,7,476
619,24,2,0
619,24,3,0
619,24,4,0
619,24,5,0
619,24,6,337
619,24,7,97
625,48,2,0
625,48,3,38
625,48,4,15
625,48,5,0
625,48,6,0
625,48,7,0
626,12,2,0
626,12,3,0
626,12,4,0
626,12,5,0
626,12,6,0
626,12,7,0
627,24,2,0
627,24,3,0
627,24,4,0
627,24,5,0
627,24,6,0
627,24,7,0
628,24,2,0
628,24,3,0
628,24,4,0
628,24,5,0
628,24,6,0
628,24,7,0
632,36,2,0
632,36,3,0
632,36,4,0
632,36,5,0
632,36,6,0
632,36,7,0
636,48,2,0
636,48,3,7
636,48,4,0
636,48,5,72
636,48,6,48
636,48,7,87
637,48,2,0
637,48,3,0
637,48,4,0
637,48,5,0
637,48,6,0
637,48,7,0
638,48,2,0
638,48,3,0
638,48,4,0
638,48,5,0
638,48,6,0
638,48,7,0
639,48,2,18
639,48,3,14
639,48,4,49
639,48,5,60
639,48,6,95
639,48,7,125
640,48,2,54
640,48,3,51
640,48,4,19
640,48,5,0
640,48,6,0
640,48,7,0
645,60,2,0
645,60,3,0
645,60,4,0
645,60,5,0
645,60,6,0
645,60,7,0
646,60,2,0
646,60,3,0
646,60,4,0
646,60,5,0
646,60,6,0
646,60,7,0
647,60,2,0
647,60,3,0
647,60,4,0
647,60,5,0
647,60,6,83
647,60,7,381
648,60,2,0
648,60,3,0
648,60,4,0
648,60,5,0
648,60,6,0
648,60,7,0
651,72,2,0
651,72,3,0
651,72,4,15
651,72,5,0
651,72,6,589
651,72,7,6
652,72,2,0
652,72,3,0
652,72,4,0
652,72,5,0
652,72,6,0
652,72,7,22
653,72,2,19
653,72,3,58
653,72,4,24
653,72,5,0
653,72,6,0
653,72,7,0
654,72,2,0
654,72,3,45
654,72,4,58
654,72,5,12
654,72,6,110
654,72,7,16
658,84,2,0
658,84,3,0
658,84,4,0
658,84,5,0
658,84,6,0
658,84,7,0
659,84,2,279
659,84,3,0
659,84,4,0
659,84,5,0
659,84,6,46
659,84,7,0
660,84,2,0
660,84,3,0
660,84,4,0
660,84,5,0
660,84,6,0
660,84,7,0
668,48,2,0
668,48,3,0
668,48,4,0
668,48,5,0
668,48,6,0
668,48,7,0
142,48,2,10
142,48,3,41
142,48,4,232
142,48,6,10
142,48,7,0
191,12,2,0
191,12,3,0
191,12,4,0
191,12,5,0
191,12,6,0
191,12,7,0
192,12,2,0
192,12,3,0
192,12,4,0
192,12,5,0
192,12,6,0
193,12,2,15
193,12,3,0
193,12,4,0
193,12,5,8
193,12,6,0
193,12,7,0
194,12,2,0
194,12,3,0
194,12,4,0
194,12,5,0
194,12,6,0
194,12,7,0
195,12,2,0
195,12,3,60
195,12,4,178
195,12,5,0
195,12,6,0
195,12,7,16
196,12,2,0
196,12,3,101
196,12,4,0
196,12,5,38
196,12,6,0
196,12,7,6
197,12,2,0
197,12,3,0
197,12,4,0
197,12,5,0
197,12,6,0
197,12,7,0
198,12,2,0
198,12,3,0
198,12,4,0
198,12,5,0
198,12,6,0
198,12,7,0
199,12,2,0
199,12,3,0
199,12,4,0
199,12,5,0
199,12,6,0
199,12,7,0
200,12,2,0
200,12,3,0
200,12,4,0
200,12,5,0
200,12,6,0
200,12,7,0
201,12,2,0
201,12,3,20
201,12,4,8
201,12,5,35
201,12,6,27
201,12,7,0
202,12,2,15
202,12,3,23
202,12,4,0
202,12,5,0
202,12,6,0
202,12,7,0
203,12,2,0
203,12,3,0
203,12,4,0
203,12,5,0
203,12,6,0
203,12,7,0
204,12,2,0
204,12,3,0
204,12,4,0
204,12,5,0
204,12,6,0
204,12,7,0
205,12,2,53
205,12,3,5
205,12,4,0
205,12,5,94
205,12,6,0
205,12,7,0
206,12,2,0
206,12,3,0
206,12,4,0
206,12,5,0
206,12,6,0
206,12,7,0
207,24,2,0
207,24,3,69
207,24,4,128
207,24,5,0
207,24,6,0
207,24,7,0
208,24,2,0
208,24,3,0
208,24,4,0
208,24,5,0
208,24,6,0
208,24,7,0
209,24,2,0
209,24,3,0
209,24,4,0
209,24,5,0
209,24,6,0
209,24,7,0
210,24,2,0
210,24,3,9
210,24,4,0
210,24,5,0
210,24,6,0
210,24,7,0
211,24,2,0
211,24,3,0
211,24,4,0
211,24,5,54
211,24,6,0
211,24,7,0
212,24,2,0
212,24,3,0
212,24,4,0
212,24,5,0
212,24,6,0
212,24,7,0
213,24,2,0
213,24,3,0
213,24,4,0
213,24,5,0
213,24,6,0
213,24,7,0
214,24,2,0
214,24,3,0
214,24,4,0
214,24,5,0
214,24,6,0
214,24,7,0
215,24,2,0
215,24,3,0
215,24,4,16
215,24,5,24
215,24,6,0
215,24,7,0
216,24,2,0
216,24,3,0
216,24,4,0
216,24,5,24
216,24,6,76
216,24,7,49
217,24,2,0
217,24,3,0
217,24,4,0
217,24,5,0
217,24,6,0
217,24,7,0
218,24,2,0
218,24,3,0
218,24,4,0
218,24,5,0
218,24,6,0
218,24,7,5
219,24,2,102
219,24,3,74
219,24,4,6
219,24,5,0
219,24,6,0
219,24,7,0
220,24,2,0
220,24,3,10
220,24,4,0
220,24,5,0
220,24,6,0
220,24,7,0
221,24,2,0
221,24,3,0
221,24,4,0
221,24,5,0
221,24,6,0
221,24,7,0
222,24,2,0
222,24,3,0
222,24,4,0
222,24,5,0
222,24,6,0
222,24,7,0
223,36,2,0
223,36,3,0
223,36,4,11
223,36,5,12
223,36,6,0
223,36,7,48
224,36,2,0
224,36,3,0
224,36,4,0
224,36,5,0
224,36,6,60
224,36,7,0
225,36,2,0
225,36,3,0
225,36,4,0
225,36,5,0
225,36,6,0
225,36,7,0
226,36,2,0
226,36,3,0
226,36,4,0
226,36,5,0
226,36,6,0
226,36,7,7
227,36,2,47
227,36,3,0
227,36,4,0
227,36,5,0
227,36,6,0
227,36,7,0
228,36,2,0
228,36,3,55
228,36,4,0
228,36,5,0
228,36,6,0
228,36,7,0
229,36,2,0
229,36,3,0
229,36,4,0
229,36,5,0
229,36,6,0
229,36,7,0
230,36,2,0
230,36,3,0
230,36,4,0
230,36,5,5
230,36,6,12
230,36,7,0
231,36,2,0
231,36,3,35
231,36,4,39
231,36,5,16
231,36,6,0
231,36,7,0
232,36,2,0
232,36,3,0
232,36,4,0
232,36,5,0
232,36,6,0
232,36,7,0
233,36,2,0
233,36,3,0
233,36,4,40
233,36,5,123
233,36,6,0
233,36,7,0
234,36,2,0
234,36,3,0
234,36,4,0
234,36,5,0
234,36,6,0
234,36,7,0
235,36,2,0
235,36,3,48
235,36,4,7
235,36,5,121
235,36,6,8
235,36,7,38
236,36,2,0
236,36,3,0
236,36,4,0
236,36,5,30
236,36,6,282
236,36,7,163
237,36,2,0
237,36,3,0
237,36,4,0
237,36,5,0
237,36,6,0
237,36,7,0
238,36,2,0
238,36,3,0
238,36,4,0
238,36,5,0
238,36,6,0
238,36,7,0
239,48,2,0
239,48,3,5
239,48,4,0
239,48,5,0
239,48,6,61
239,48,7,87
240,48,2,30
240,48,3,63
240,48,4,149
240,48,5,92
240,48,6,0
240,48,7,0
241,48,2,0
241,48,3,0
241,48,4,0
241,48,5,0
241,48,6,0
241,48,7,0
242,48,2,0
242,48,3,0
242,48,4,0
242,48,5,0
242,48,6,0
242,48,7,0
243,48,2,0
243,48,3,0
243,48,4,0
243,48,5,0
243,48,6,0
243,48,7,0
244,48,2,0
244,48,3,0
244,48,4,0
244,48,5,0
244,48,6,0
244,48,7,0
245,48,2,0
245,48,3,0
245,48,4,0
245,48,5,0
245,48,6,5
245,48,7,0
246,48,2,0
246,48,3,0
246,48,4,0
246,48,5,0
246,48,6,17
246,48,7,0
247,48,2,0
247,48,3,0
247,48,4,0
247,48,5,0
247,48,6,0
247,48,7,15
249,48,2,0
249,48,3,0
249,48,4,0
249,48,5,0
249,48,6,0
249,48,7,0
250,48,2,0
250,48,3,0
250,48,4,0
250,48,5,0
250,48,6,0
250,48,7,0
251,48,2,0
251,48,3,0
251,48,4,0
251,48,5,0
251,48,6,0
251,48,7,0
252,48,2,0
252,48,3,0
252,48,4,0
252,48,5,0
252,48,6,0
252,48,7,0
253,48,2,0
253,48,3,0
253,48,4,0
253,48,5,0
253,48,6,0
253,48,7,0
254,48,2,0
254,48,3,294
254,48,4,0
254,48,5,0
254,48,6,55
254,48,7,12
255,60,2,0
255,60,3,38
255,60,4,50
255,60,5,0
255,60,6,5
255,60,7,0
256,60,2,0
256,60,3,0
256,60,4,0
256,60,5,0
256,60,6,0
256,60,7,0
257,60,2,0
257,60,3,0
257,60,4,0
257,60,5,0
257,60,6,0
257,60,7,0
258,60,2,0
258,60,3,0
258,60,4,0
258,60,5,0
258,60,6,0
258,60,7,0
259,60,2,0
259,60,3,0
259,60,4,0
259,60,5,0
259,60,6,0
259,60,7,0
260,60,2,0
260,60,3,36
260,60,4,89
260,60,5,21
260,60,6,0
260,60,7,24
261,60,2,0
261,60,3,0
261,60,4,9
261,60,5,0
261,60,6,0
261,60,7,0
262,60,2,0
262,60,3,7
262,60,4,20
262,60,5,7
262,60,6,6
262,60,7,0
263,60,2,0
263,60,3,0
263,60,4,0
263,60,5,51
263,60,6,0
263,60,7,0
264,60,2,0
264,60,3,0
264,60,4,103
264,60,5,0
264,60,6,5
264,60,7,0
265,60,2,0
265,60,3,0
265,60,4,0
265,60,5,64
265,60,6,154
265,60,7,5
266,60,2,0
266,60,3,6
266,60,4,0
266,60,5,45
266,60,6,606
266,60,7,0
267,60,2,0
267,60,3,0
267,60,4,0
267,60,5,0
267,60,6,77
267,60,7,0
268,60,2,0
268,60,3,0
268,60,4,0
268,60,5,0
268,60,6,0
268,60,7,0
269,60,2,0
269,60,3,0
269,60,4,0
269,60,5,187
269,60,6,0
269,60,7,0
270,60,2,0
270,60,3,0
270,60,4,0
270,60,5,28
270,60,6,0
270,60,7,0
271,72,2,0
271,72,3,0
271,72,4,38
271,72,5,1536
271,72,6,0
271,72,7,1298
272,72,2,0
272,72,3,0
272,72,4,0
272,72,5,0
272,72,6,5
272,72,7,0
273,72,2,0
273,72,3,15
273,72,4,5
273,72,5,83
273,72,6,5
273,72,7,0
274,72,2,0
274,72,3,6
274,72,4,12
274,72,5,292
274,72,6,649
274,72,7,0
275,72,2,15
275,72,3,392
275,72,4,123
275,72,5,156
275,72,6,244
275,72,7,403
276,72,2,0
276,72,3,0
276,72,4,0
276,72,5,41
276,72,6,109
276,72,7,0
277,72,2,0
277,72,3,21
277,72,4,22
277,72,5,0
277,72,6,11
277,72,7,0
278,72,2,0
278,72,3,0
278,72,4,0
278,72,5,0
278,72,6,0
278,72,7,133
279,72,2,0
279,72,3,0
279,72,4,662
279,72,5,180
279,72,6,282
279,72,7,209
280,72,2,0
280,72,3,0
280,72,4,309
280,72,5,121
280,72,6,87
280,72,7,259
281,72,2,0
281,72,3,9
281,72,4,20
281,72,5,52
281,72,6,60
281,72,7,6
282,72,2,0
282,72,3,0
282,72,4,68
282,72,5,7
282,72,6,345
282,72,7,0
283,72,2,0
283,72,3,0
283,72,4,0
283,72,5,0
283,72,6,0
283,72,7,0
284,72,2,0
284,72,3,0
284,72,4,52
284,72,5,0
284,72,6,70
284,72,7,60
285,72,2,0
285,72,3,0
285,72,4,17
285,72,5,0
285,72,6,211
285,72,7,84
286,72,2,34
286,72,3,822
286,72,4,519
286,72,5,971
286,72,6,312
286,72,7,1921
287,84,2,0
287,84,3,0
287,84,4,0
287,84,5,557
287,84,6,2070
287,84,7,9263
288,84,2,0
288,84,3,95
288,84,4,44
288,84,5,94
288,84,6,94
288,84,7,0
289,84,2,0
289,84,3,0
289,84,4,51
289,84,5,146
289,84,6,777
289,84,7,1555
290,84,2,0
290,84,3,0
290,84,4,0
290,84,5,0
290,84,6,0
290,84,7,0
291,84,2,0
291,84,3,0
291,84,4,0
291,84,5,0
291,84,6,5
291,84,7,5
292,84,2,0
292,84,3,0
292,84,4,5
292,84,5,0
292,84,6,0
292,84,7,84
293,84,2,0
293,84,3,0
293,84,4,0
293,84,5,370
293,84,6,0
293,84,7,1010
294,84,2,0
294,84,3,0
294,84,4,0
294,84,5,0
294,84,6,0
294,84,7,0
295,84,2,0
295,84,3,0
295,84,4,0
295,84,5,0
295,84,6,24
295,84,7,0
296,84,2,0
296,84,3,25
296,84,4,59
296,84,5,67
296,84,6,5
296,84,7,20
297,84,2,14
297,84,3,0
297,84,4,0
297,84,5,0
297,84,6,0
297,84,7,0
298,84,2,0
298,84,3,0
298,84,4,0
298,84,5,0
298,84,6,0
298,84,7,0
299,84,2,0
299,84,3,0
299,84,4,30
299,84,5,38
299,84,6,5
299,84,7,21
300,84,2,0
300,84,3,88
300,84,4,76
300,84,5,6
300,84,6,131
300,84,7,88
301,84,2,0
301,84,3,0
301,84,4,0
301,84,5,0
301,84,6,0
301,84,7,0
302,84,2,28
302,84,3,7
302,84,4,23
302,84,5,165
302,84,6,8
302,84,7,0
493,12,2,0
493,12,3,0
493,12,4,0
493,12,5,0
493,12,6,0
493,12,7,0
494,12,2,0
494,12,3,0
494,12,4,0
494,12,5,13
494,12,6,10
494,12,7,13
495,12,2,200
495,12,3,31
495,12,4,21
495,12,5,0
495,12,6,0
495,12,7,0
496,12,2,0
496,12,3,0
496,12,4,14
496,12,5,0
496,12,6,0
496,12,7,0
497,12,2,0
497,12,3,0
497,12,4,34
497,12,5,116
497,12,6,17
497,12,7,0
498,12,2,0
498,12,3,0
498,12,4,0
498,12,5,0
498,12,6,0
498,12,7,0
499,12,2,0
499,12,3,0
499,12,4,0
499,12,5,0
499,12,6,0
499,12,7,0
500,12,2,0
500,12,3,0
500,12,4,0
500,12,5,0
500,12,6,0
500,12,7,0
501,12,2,0
501,12,3,0
501,12,4,0
501,12,5,0
501,12,6,0
501,12,7,0
502,12,2,0
502,12,3,0
502,12,4,379
502,12,5,84
502,12,6,0
502,12,7,257
503,12,2,0
503,12,3,0
503,12,4,0
503,12,5,0
503,12,6,0
503,12,7,0
504,12,2,0
504,12,3,0
504,12,4,0
504,12,5,0
504,12,6,0
504,12,7,0
505,12,2,0
505,12,3,0
505,12,4,0
505,12,5,0
505,12,6,0
505,12,7,0
506,12,2,0
506,12,3,0
506,12,4,0
506,12,5,0
506,12,6,0
506,12,7,0
507,12,2,0
507,12,3,0
507,12,4,0
507,12,5,0
507,12,6,0
507,12,7,0
508,12,2,0
508,12,3,0
508,12,4,0
508,12,5,0
508,12,6,0
508,12,7,0
509,24,2,0
509,24,3,0
509,24,4,0
509,24,5,0
509,24,6,0
509,24,7,0
510,24,2,0
510,24,3,0
510,24,4,0
510,24,5,0
510,24,6,0
510,24,7,0
511,24,2,0
511,24,3,0
511,24,4,0
511,24,5,0
511,24,6,0
511,24,7,0
512,24,2,478
512,24,3,595
512,24,4,558
512,24,5,64
512,24,6,425
512,24,7,128
513,24,2,0
513,24,3,198
513,24,4,618
513,24,5,0
513,24,6,121
513,24,7,0
514,24,2,0
514,24,3,0
514,24,4,0
514,24,5,0
514,24,6,0
514,24,7,0
515,24,2,0
515,24,3,0
515,24,4,6
515,24,5,0
515,24,6,0
515,24,7,0
516,24,2,0
516,24,3,0
516,24,4,0
516,24,5,0
516,24,6,0
516,24,7,0
517,24,2,0
517,24,3,0
517,24,4,0
517,24,5,0
517,24,6,0
517,24,7,0
518,24,2,0
518,24,3,254
518,24,4,0
518,24,5,0
518,24,6,0
518,24,7,0
519,24,2,0
519,24,3,0
519,24,4,0
519,24,5,0
519,24,6,0
519,24,7,0
520,24,2,0
520,24,3,9210
520,24,4,9241
520,24,5,4523
520,24,6,5
520,24,7,984
521,24,2,0
521,24,3,0
521,24,4,0
521,24,5,395
521,24,6,94
521,24,7,0
522,24,2,5
522,24,3,17
522,24,4,28
522,24,5,48
522,24,6,33
522,24,7,86
523,24,2,0
523,24,3,0
523,24,4,0
523,24,5,51
523,24,6,16
523,24,7,142
524,24,2,0
524,24,3,108
524,24,4,100
524,24,5,0
524,24,6,51
524,24,7,0
525,36,2,0
525,36,3,0
525,36,4,0
525,36,5,245
525,36,6,21
525,36,7,88
526,36,2,0
526,36,3,0
526,36,4,0
526,36,5,0
526,36,6,0
526,36,7,0
527,36,2,0
527,36,3,34
527,36,4,251
527,36,5,156
527,36,6,790
527,36,7,68
528,36,2,0
528,36,3,0
528,36,4,0
528,36,5,0
528,36,6,0
528,36,7,38
529,36,2,0
529,36,3,0
529,36,4,0
529,36,5,361
529,36,6,92
529,36,7,0
530,36,2,0
530,36,3,0
530,36,4,0
530,36,5,0
530,36,6,0
530,36,7,0
531,36,2,0
531,36,3,0
531,36,4,0
531,36,5,0
531,36,6,0
531,36,7,0
532,36,2,0
532,36,3,278
532,36,4,10
532,36,5,89
532,36,6,21
532,36,7,0
533,36,2,0
533,36,3,0
533,36,4,0
533,36,5,0
533,36,6,0
533,36,7,0
534,36,2,0
534,36,3,0
534,36,4,72
534,36,5,0
534,36,6,0
534,36,7,0
535,36,2,0
535,36,3,0
535,36,4,10
535,36,5,0
535,36,6,5
535,36,7,0
536,36,2,0
536,36,3,13
536,36,4,0
536,36,5,0
536,36,6,0
536,36,7,0
537,36,2,0
537,36,3,0
537,36,4,0
537,36,5,0
537,36,6,0
537,36,7,0
538,36,2,0
538,36,3,0
538,36,4,0
538,36,5,0
538,36,6,0
538,36,7,0
539,36,2,0
539,36,3,0
539,36,4,0
539,36,5,0
539,36,6,0
539,36,7,0
540,36,2,0
540,36,3,0
540,36,4,0
540,36,5,0
540,36,6,0
540,36,7,0
541,48,2,0
541,48,3,35
541,48,4,0
541,48,5,0
541,48,6,0
541,48,7,0
542,48,2,0
542,48,3,0
542,48,4,344
542,48,5,94
542,48,6,51
542,48,7,258
543,48,2,0
543,48,3,0
543,48,4,0
543,48,5,0
543,48,6,0
543,48,7,0
544,48,2,0
544,48,3,0
544,48,4,0
544,48,5,0
544,48,6,0
544,48,7,0
545,48,2,0
545,48,3,78
545,48,4,1158
545,48,5,2612
545,48,6,765
545,48,7,304
546,48,2,0
546,48,3,0
546,48,4,0
546,48,5,0
546,48,6,0
546,48,7,0
547,48,2,0
547,48,3,48
547,48,4,0
547,48,5,18
547,48,6,0
547,48,7,0
548,48,2,0
548,48,3,0
548,48,4,0
548,48,5,0
548,48,6,68
548,48,7,8
549,48,2,0
549,48,3,11
549,48,4,34
549,48,5,229
549,48,6,290
549,48,7,184
550,48,2,0
550,48,3,0
550,48,4,0
550,48,5,0
550,48,6,0
550,48,7,51
551,48,2,0
551,48,3,0
551,48,4,0
551,48,5,42
551,48,6,178
551,48,7,66
552,48,2,0
552,48,3,0
552,48,4,102
552,48,5,256
552,48,6,98
552,48,7,0
553,48,2,0
553,48,3,0
553,48,4,0
553,48,5,0
553,48,6,0
553,48,7,0
554,48,2,0
554,48,3,0
554,48,4,0
554,48,5,0
554,48,6,0
555,48,2,0
555,48,3,0
555,48,4,0
555,48,5,0
555,48,6,0
555,48,7,0
556,48,2,0
556,48,3,0
556,48,4,0
556,48,5,0
556,48,6,0
557,60,2,0
557,60,3,0
557,60,4,0
557,60,5,0
557,60,6,0
557,60,7,0
558,60,2,0
558,60,3,5
558,60,4,0
558,60,5,365
558,60,6,88
558,60,7,0
559,60,2,0
559,60,3,0
559,60,4,292
559,60,5,802
559,60,6,511
559,60,7,29
560,60,2,0
560,60,3,0
560,60,4,0
560,60,5,0
560,60,6,0
560,60,7,0
561,60,2,0
561,60,3,0
561,60,4,663
561,60,5,137
561,60,6,0
561,60,7,93
562,60,2,0
562,60,3,0
562,60,4,0
562,60,5,0
562,60,6,150
562,60,7,31
563,60,2,0
563,60,3,0
563,60,4,0
563,60,5,0
563,60,6,0
563,60,7,0
564,60,2,79
564,60,3,576
564,60,4,489
564,60,5,911
564,60,6,7427
564,60,7,2761
565,60,2,0
565,60,3,0
565,60,4,0
565,60,5,0
565,60,6,0
565,60,7,0
566,60,2,0
566,60,3,0
566,60,4,0
566,60,5,0
566,60,6,42
566,60,7,0
567,60,2,0
567,60,3,0
567,60,4,0
567,60,5,0
567,60,6,0
567,60,7,0
568,60,2,0
568,60,3,0
568,60,4,0
568,60,5,5
568,60,6,1224
568,60,7,801
569,60,2,0
569,60,3,0
569,60,4,0
569,60,5,0
569,60,6,0
569,60,7,0
570,60,2,0
570,60,3,0
570,60,4,0
570,60,5,0
570,60,6,0
570,60,7,0
571,60,2,0
571,60,3,0
571,60,4,0
571,60,5,0
571,60,6,0
571,60,7,0
572,60,2,0
572,60,3,379
572,60,4,1229
572,60,5,0
572,60,6,690
572,60,7,755
573,72,2,0
573,72,3,0
573,72,4,8
573,72,5,1644
573,72,6,437
573,72,7,0
574,72,2,0
574,72,3,563
574,72,4,98
574,72,5,0
574,72,6,235
574,72,7,0
575,72,2,0
575,72,3,0
575,72,4,0
575,72,5,0
575,72,6,0
575,72,7,0
576,72,2,0
576,72,3,2852
576,72,4,1291
576,72,5,2233
576,72,6,900
576,72,7,3059
577,72,2,0
577,72,3,0
577,72,4,0
577,72,5,0
577,72,6,0
577,72,7,0
578,72,2,0
578,72,3,5
578,72,4,127
578,72,5,95
578,72,6,412
578,72,7,47
579,72,2,0
579,72,3,0
579,72,4,0
579,72,5,0
579,72,6,0
579,72,7,26
580,72,2,0
580,72,3,0
580,72,4,0
580,72,5,0
580,72,6,0
580,72,7,40
581,72,2,0
581,72,3,0
581,72,4,15
581,72,5,0
581,72,6,114
581,72,7,10
582,72,2,0
582,72,3,0
582,72,4,0
582,72,5,187
582,72,6,244
582,72,7,11
583,72,2,0
583,72,3,0
583,72,4,0
583,72,5,0
583,72,6,0
583,72,7,80
584,72,2,0
584,72,3,226
584,72,4,0
584,72,5,0
584,72,6,0
584,72,7,70
585,72,2,0
585,72,3,0
585,72,4,10
585,72,5,85
585,72,6,989
585,72,7,148
586,72,6,0
586,72,7,0
587,72,2,0
587,72,3,0
587,72,4,0
587,72,5,0
587,72,6,0
587,72,7,0
588,72,2,0
588,72,3,0
588,72,4,0
588,72,5,389
588,72,6,91
588,72,7,25
589,84,2,0
589,84,3,431
589,84,4,256
589,84,5,7
589,84,6,246
589,84,7,240
590,84,2,0
590,84,3,0
590,84,4,0
590,84,5,70
590,84,6,0
590,84,7,0
591,84,2,0
591,84,3,0
591,84,4,0
591,84,5,0
591,84,6,50
591,84,7,0
592,84,2,0
592,84,3,11
592,84,4,200
592,84,5,0
592,84,6,0
592,84,7,0
593,84,2,0
593,84,3,0
593,84,4,0
593,84,5,67
593,84,6,13
593,84,7,0
594,84,2,0
594,84,3,0
594,84,4,97
594,84,5,71
594,84,6,49
594,84,7,306
595,84,2,0
595,84,3,0
595,84,4,400
595,84,5,100
595,84,6,0
595,84,7,261
596,84,2,0
596,84,3,282
596,84,4,308
596,84,5,0
596,84,6,471
596,84,7,1242
597,84,2,0
597,84,3,399
597,84,4,467
597,84,5,541
597,84,6,373
597,84,7,747
598,84,2,0
598,84,3,0
598,84,4,6
598,84,5,21
598,84,6,147
598,84,7,40
599,84,2,0
599,84,3,21
599,84,4,108
599,84,5,0
599,84,6,119
599,84,7,0
600,84,2,0
600,84,3,257
600,84,4,970
600,84,5,2190
600,84,6,968
600,84,7,1274
601,84,2,0
601,84,3,0
601,84,4,0
601,84,5,0
601,84,6,0
601,84,7,0
602,84,2,0
602,84,3,0
602,84,4,2773
602,84,5,2436
602,84,6,1530
602,84,7,1539
603,84,2,0
603,84,3,0
603,84,4,30
603,84,5,0
603,84,6,0
603,84,7,0
604,84,2,0
604,84,3,0
604,84,4,0
604,84,5,0
604,84,6,0
604,84,7,0
609,84,2,0
609,84,3,5
609,84,4,0
609,84,5,133
609,84,6,89
609,84,7,297
615,36,2,0
615,36,3,0
615,36,4,0
615,36,5,0
615,36,6,0
615,36,7,365
616,48,2,172
616,48,3,1825
616,48,4,572
616,48,5,1986
616,48,6,1898
616,48,7,1931
617,84,2,0
617,84,3,0
617,84,4,84
617,84,5,210
617,84,6,213
617,84,7,519
618,48,2,0
618,48,3,0
618,48,4,0
618,48,5,0
618,48,6,0
618,48,7,364
620,72,2,95
620,72,3,621
620,72,4,702
620,72,5,522
620,72,6,1017
620,72,7,373
621,84,2,0
621,84,3,0
621,84,4,391
621,84,5,189
621,84,6,2098
621,84,7,105
622,24,2,0
622,24,3,0
622,24,4,0
622,24,5,0
622,24,6,359
622,24,7,102
623,48,2,0
623,48,3,7
623,48,4,0
623,48,5,0
623,48,6,0
623,48,7,0
624,36,2,0
624,36,3,0
624,36,4,0
624,36,5,0
624,36,6,0
624,36,7,96
629,24,2,0
629,24,3,0
629,24,4,0
629,24,5,0
629,24,6,0
629,24,7,0
630,24,2,0
630,24,3,0
630,24,4,0
630,24,5,0
630,24,6,0
630,24,7,0
631,24,2,0
631,24,3,0
631,24,4,0
631,24,5,0
631,24,6,0
631,24,7,0
633,36,2,0
633,36,3,0
633,36,4,0
633,36,5,0
633,36,6,0
633,36,7,0
634,36,2,0
634,36,3,0
634,36,4,0
634,36,5,0
634,36,6,0
634,36,7,0
635,36,2,0
635,36,3,0
635,36,4,0
635,36,5,0
635,36,6,0
635,36,7,0
641,48,2,0
641,48,3,0
641,48,4,79
641,48,5,272
641,48,6,354
641,48,7,418
642,48,2,0
642,48,3,0
642,48,4,38
642,48,5,31
642,48,6,20
642,48,7,0
643,48,2,0
643,48,3,0
643,48,4,0
643,48,5,0
643,48,6,0
643,48,7,0
644,48,2,0
644,48,3,0
644,48,4,0
644,48,5,0
644,48,6,0
644,48,7,0
649,60,2,0
649,60,3,6
649,60,4,0
649,60,5,0
649,60,6,0
649,60,7,0
650,60,2,0
650,60,3,0
650,60,4,0
650,60,5,0
650,60,6,0
650,60,7,0
655,72,2,0
655,72,3,58
655,72,4,97
655,72,5,0
655,72,6,0
655,72,7,0
656,72,2,0
656,72,3,142
656,72,4,0
656,72,5,0
656,72,6,0
656,72,7,0
657,72,2,0
657,72,3,0
657,72,4,0
657,72,5,0
657,72,6,0
657,72,7,0
661,84,2,0
661,84,3,0
661,84,4,14
661,84,5,88
661,84,6,0
661,84,7,0
662,84,2,0
662,84,3,81
662,84,4,147
662,84,5,0
662,84,6,0
662,84,7,202
663,84,2,0
663,84,3,0
663,84,4,0
663,84,5,0
663,84,6,0
663,84,7,0
664,84,2,0
664,84,3,0
664,84,4,0
664,84,5,0
664,84,6,0
664,84,7,0
665,84,2,0
665,84,3,0
665,84,4,94
665,84,5,0
665,84,6,31
665,84,7,19
666,84,2,0
666,84,3,0
666,84,4,0
666,84,5,0
666,84,6,0
666,84,7,0
667,48,2,0
667,48,3,0
667,48,4,0
667,48,5,0
667,48,6,0
667,48,7,0
669,72,2,0
669,72,3,13
669,72,4,0
669,72,5,0
669,72,6,0
669,72,7,16
670,84,2,0
670,84,3,0
670,84,4,0
670,84,5,0
670,84,6,0
670,84,7,0
671,60,2,0
671,60,3,28
671,60,4,175
671,60,5,30
671,60,6,148
671,60,7,11
672,84,2,0
672,84,3,0
672,84,4,0
672,84,5,0
672,84,6,0
672,84,7,0